Bill,Jason,Luci,KB,Gabe,Barille,Victor L,Vic Cianci,Rap,Jono,Samber ,Frank,Farley,Val ,Sausage,Doddy,Kayla ,Sam Fik,Klick,Blake,Tony C,Bobby S,John Dodson,RYTY,Lewis Alvis,Jon Romanin,Gino Notarian
Cleveland +8.5,Jacksonville -8.5,Cleveland +8.5,Cleveland +8.5,Cleveland +8.5,Cleveland +8.5,Cleveland +8.5,Jacksonville -8.5,Cleveland +8.5,Jacksonville -8.5,Jacksonville -8.5,Cleveland +8.5,Cleveland +8.5,Jacksonville -8.5,Jacksonville -8.5,Jacksonville -8.5,Jacksonville -8.5,Cleveland +8.5,Jacksonville -8.5,Jacksonville -8.5,Cleveland +8.5,Cleveland +8.5,Cleveland +8.5,Jacksonville -8.5,Cleveland +8.5,Jacksonville -8.5,Cleveland +8.5
Cincinnati-3.5,Cincinnati-3.5,Tampa Bay +3.5,Tampa Bay +3.5,Cincinnati-3.5,Tampa Bay +3.5,Tampa Bay +3.5,Tampa Bay +3.5,Tampa Bay +3.5,Tampa Bay +3.5,Tampa Bay +3.5,Cincinnati-3.5,Cincinnati-3.5,Tampa Bay +3.5,Cincinnati-3.5,Cincinnati-3.5,Cincinnati-3.5,Cincinnati-3.5,Tampa Bay +3.5,Cincinnati-3.5,Tampa Bay +3.5,Cincinnati-3.5,Cincinnati-3.5,Cincinnati-3.5,Tampa Bay +3.5,Tampa Bay +3.5,Cincinnati-3.5
Chicago -3.5,Chicago -3.5,Chicago -3.5,Carolina +3.5,Chicago -3.5,Carolina +3.5,Chicago -3.5,Chicago -3.5,Carolina +3.5,Chicago -3.5,Chicago -3.5,Chicago -3.5,Chicago -3.5,Chicago -3.5,Chicago -3.5,Carolina +3.5,Carolina +3.5,Carolina +3.5,Chicago -3.5,Carolina +3.5,Carolina +3.5,Carolina +3.5,Chicago -3.5,Carolina +3.5,Chicago -3.5,Chicago -3.5,Chicago -3.5
Buffalo -1.5,Buffalo -1.5,Buffalo -1.5,Buffalo -1.5,Buffalo -1.5,Buffalo -1.5,Buffalo -1.5,Houston +1.5,Houston +1.5,Houston +1.5,Buffalo -1.5,Houston +1.5,Buffalo -1.5,Houston +1.5,Buffalo -1.5,Buffalo -1.5,Buffalo -1.5,Houston +1.5,Buffalo -1.5,Houston +1.5,Houston +1.5,Houston +1.5,Houston +1.5,Buffalo -1.5,Buffalo -1.5,Buffalo -1.5,Houston +1.5
Pittsburgh -3.5,Pittsburgh -3.5,Atlanta +3.5,Pittsburgh -3.5,Atlanta +3.5,Pittsburgh -3.5,Pittsburgh -3.5,Pittsburgh -3.5,Pittsburgh -3.5,Pittsburgh -3.5,Atlanta +3.5,Pittsburgh -3.5,Pittsburgh -3.5,Pittsburgh -3.5,Atlanta +3.5,Pittsburgh -3.5,Atlanta +3.5,Pittsburgh -3.5,Pittsburgh -3.5,Pittsburgh -3.5,Atlanta +3.5,Pittsburgh -3.5,Pittsburgh -3.5,Pittsburgh -3.5,Atlanta +3.5,Pittsburgh -3.5,Pittsburgh -3.5
Philadelphia -5.5,Washington +5.5,Philadelphia -5.5,Washington +5.5,Philadelphia -5.5,Philadelphia -5.5,Philadelphia -5.5,Philadelphia -5.5,Philadelphia -5.5,Philadelphia -5.5,Washington +5.5,Philadelphia -5.5,Philadelphia -5.5,Washington +5.5,Washington +5.5,Philadelphia -5.5,Washington +5.5,Philadelphia -5.5,Philadelphia -5.5,Washington +5.5,Washington +5.5,Philadelphia -5.5,Philadelphia -5.5,Washington +5.5,Philadelphia -5.5,Philadelphia -5.5,Washington +5.5
L.V. Raiders -3.5,Miami +3.5,L.V. Raiders -3.5,L.V. Raiders -3.5,L.V. Raiders -3.5,L.V. Raiders -3.5,L.V. Raiders -3.5,L.V. Raiders -3.5,L.V. Raiders -3.5,Miami +3.5,Miami +3.5,L.V. Raiders -3.5,L.V. Raiders -3.5,L.V. Raiders -3.5,L.V. Raiders -3.5,L.V. Raiders -3.5,L.V. Raiders -3.5,L.V. Raiders -3.5,L.V. Raiders -3.5,L.V. Raiders -3.5,Miami +3.5,L.V. Raiders -3.5,L.V. Raiders -3.5,Miami +3.5,Miami +3.5,L.V. Raiders -3.5,Miami +3.5
Green Bay +1.5,Green Bay +1.5,Green Bay +1.5,Green Bay +1.5,Green Bay +1.5,Minnesota -1.5,Green Bay +1.5,Minnesota -1.5,Green Bay +1.5,Green Bay +1.5,Green Bay +1.5,Minnesota -1.5,Green Bay +1.5,Green Bay +1.5,Green Bay +1.5,Minnesota -1.5,Green Bay +1.5,Minnesota -1.5,Green Bay +1.5,Minnesota -1.5,Green Bay +1.5,Green Bay +1.5,Green Bay +1.5,Minnesota -1.5,Green Bay +1.5,Green Bay +1.5,Minnesota -1.5
Dallas -2.5,Dallas -2.5,N.Y. Giants +2.5,N.Y. Giants +2.5,N.Y. Giants +2.5,N.Y. Giants +2.5,Dallas -2.5,Dallas -2.5,N.Y. Giants +2.5,Dallas -2.5,Dallas -2.5,Dallas -2.5,N.Y. Giants +2.5,Dallas -2.5,Dallas -2.5,Dallas -2.5,Dallas -2.5,Dallas -2.5,Dallas -2.5,Dallas -2.5,N.Y. Giants +2.5,N.Y. Giants +2.5,Dallas -2.5,N.Y. Giants +2.5,N.Y. Giants +2.5,N.Y. Giants +2.5,Dallas -2.5
Denver +2.5,Kansas City -2.5,Denver +2.5,Kansas City -2.5,Denver +2.5,Denver +2.5,Kansas City -2.5,Denver +2.5,Kansas City -2.5,Kansas City -2.5,Denver +2.5,Denver +2.5,Kansas City -2.5,Denver +2.5,Denver +2.5,Denver +2.5,Denver +2.5,Denver +2.5,Kansas City -2.5,Denver +2.5,Denver +2.5,Denver +2.5,Denver +2.5,Kansas City -2.5,Denver +2.5,Kansas City -2.5,Kansas City -2.5
Tiebreaker: 44,Tiebreaker: 42,Tiebreaker: 40,Tiebreaker: 39,Tiebreaker: 43,Tiebreaker: 44,Tiebreaker: 42,Tiebreaker: 47,Tiebreaker: 42,Tiebreaker: 42,Tiebreaker: 45,Tiebreaker: 41,Tiebreaker: 46,Total: 40,Tiebreaker: 44,Tiebreaker: 42,Tiebreaker: 45,Tiebreaker: 43,Tiebreaker: 42,Tiebreaker: 44,Tiebreaker: 31,Tiebreaker: 42,Tiebreaker: 44,Tiebreaker: 43,Tiebreaker: 43,Tiebreaker: 45,Tiebreaker: 45